,Id,sub structure name,name,parent,parent tags,parent sub-structure.Id,Original,Incipit,topics Englisch,order_c,level_c,works.Id,"content tags.id (f, concat)",tags,topics Latin
0,40,cap. 1,Gilbert/De magnete/Liber 1/cap. 1,Liber 1,"polarity, mineralogy, specimen, natural history, medicine, doxography",39,"CAP. I. VETERUM ET RECENTIORUM SCRIPTA de Magnete, & commemorata tantùm quaedam, opiniones variae, & vanitates","Apud saeculum prius,","certain, attraction, compass, things, power, cause, book, use, bear, great, men, little, hidden, poles, variation, causes, north, discovered, does",1.029,1,7,"12,40,42","etymology, natural history, doxography","causa, fero, magnus, lapis, ratio, primus, opinio, apud, uirtus, paucus, usus, scribo, natura, liber, polus, commemoro, mons, locus, inuenio, attractio"
1,41,cap. 2,Gilbert/De magnete/Liber 1/cap. 2,Liber 1,"polarity, mineralogy, specimen, natural history, medicine, doxography",39,"CAP. II. Magnes lapis qualis sit, & de eius inventione.",Lapis ille qui,"like, called, mines, strong, black, colour, time, region, power, places, nature, great, strength, red, brought, kinds, pliny, macedonia, magnesia, varied",1.033,1,7,"23,32,40,42","mineralogy, specimen, natural history, doxography","lapis, regio, nomen, alij, fero, terra, metallum, metallicus, possum, Asia, sideritis, natura, color, species, niger, locus, uirtus, tamquam, Macedonia, paruus"
2,42,cap. 3,Gilbert/De magnete/Liber 1/cap. 3,Liber 1,"polarity, mineralogy, specimen, natural history, medicine, doxography",39,"CAP. III. Magnes habet distinctas naturali potestate partes, & polos virtute conspicuos",Quae in lapide ipso manifesta,"poles, pole, centre, versorium, earth, globe, placed, wire, circles, round, terrella, place, point, mark, line, form, heaven, nature, powerful, direction",1.036,1,7,"13,17,19,20","polarity, magnetic force, attraction/repulsion, direction","lapis, polus, pars, uirtus, indico, demonstratio, caelum, globus, punctum, terra, possum, noster, instrumentum, rotundus, pono, fero, locus, linea, uersorius, habeo"
3,43,cap. 4,Gilbert/De magnete/Liber 1/cap. 4,Liber 1,"polarity, mineralogy, specimen, natural history, medicine, doxography",39,CAP. IIII. Polus lapidis quis sit Borealis: & quomodo discernitur à meridionali,Telluris polus alter versus,"pole, vessel, poles, north, south, boreal, shall, austral, points, place, heaven, earth, seek, horizon, point, virtue, raised, middle, case, borne",1.037,1,7,"13,17,19,34","polarity, magnetic force, attraction/repulsion, related to an experiment","polus, lapis, meridionalis, pars, Borealis, postea, centrum, inclino, demonstro, magnus, uirtus, habeo, natura, fluctuo, septentrionalis, locus, planus, horizons, linea, conuerto"
4,44,cap. 5,Gilbert/De magnete/Liber 1/cap. 5,Liber 1,"polarity, mineralogy, specimen, natural history, medicine, doxography",39,"CAP. V. Magnes attrahere videtur magnetem in positione naturali: in adversa verò fugat, & in ordinem reducit.",Primùm à nobis,"pole, austral, nature, boreal, poles, northern, parts, attract, hand, point, way, set, rightly, mutually, brought, turns, like, turn, does, bodies",1.04,1,7,"13,17,19,34","polarity, magnetic force, attraction/repulsion, related to an experiment","lapis, polus, meridionalis, pars, septentrionalis, unus, natura, punctum, attraho, traho, fluctuo, manus, borealis, meridies, uideo, uirtus, postea, positio, fugo, ordo"
5,45,cap. 6,Gilbert/De magnete/Liber 1/cap. 6,Liber 1,"polarity, mineralogy, specimen, natural history, medicine, doxography",39,"CAP. VI. Magnes, tàm venam ferri attrahit, quàm ferrum ipsum excoctum & conflatum.",Prima illa virtus manifesta,"rings, away, draws, touched, long, ores, best, theamedes, albertus, end, power, nails, drawn, virtue, nature, consists, does, plato, indus, tear",1.041,1,7,"17,19","magnetic force, attraction/repulsion","traho, fero, uirtus, ferreus, allicio, annulus, annulum, possum, Theamedes, contrarius, inuenio, consto, Albertus, pars, tactus, uena, attraho, excoctum, conflo, primus"
6,46,cap. 7,Gilbert/De magnete/Liber 1/cap. 7,Liber 1,"polarity, mineralogy, specimen, natural history, medicine, doxography",39,"CAP. VII. Ferrum quid sit, & ex qua materiâ, & eius usus.",Posteaquàm magnetis originem,"metals, earth, nature, substance, smelted, matter, metal, various, water, earthy, ore, kind, bodies, like, dug, vapours, sulphur, mixed, globe, chemists",1.047,1,7,"32,40,41,42","specimen, natural history, medicine, doxography","metallum, terra, materia, natura, lapis, substantia, aqua, ferreus, excoquo, halitus, forma, corpus, bonus, dico, sulphur, argentum, alij, telluris, metalla, vena"
7,47,cap. 8,Gilbert/De magnete/Liber 1/cap. 8,Liber 1,"polarity, mineralogy, specimen, natural history, medicine, doxography",39,CAP. VIII. Ferrum quibus in terris & regionibus nascitur.,"Ferri metalla ubique terrarum frequentissima,","earth, ferric, like, ferruginous, globe, mines, says, recorded, metallick, mass, copper, sky, metals, writers, material, pounds, gold, matter, europe, air",1.05,1,7,"23,40","mineralogy, natural history","ferreus, metallum, terra, fero, regio, uena, scribo, materia, possum, metallicus, primus, commemoro, uideo, natura, magnus, dico, aurum, lapis, facile, argentum"
8,48,cap. 9,Gilbert/De magnete/Liber 1/cap. 9,Liber 1,"polarity, mineralogy, specimen, natural history, medicine, doxography",39,CAP. IX. Vena ferri trahit venam ferri,Ferrum (quemadmodum caetera metalla omnia),"veins, ores, substances, miners, shown, placed, similar, attracted, ore, gently, sympathy, vessel, like, rich, cold, small, mined, bowl, hours, earth",1.051,1,7,17,magnetic force,"fero, lapis, color, terra, metallum, plumbus, uena, scribo, uarietas, uideo, aurum, argentum, talis, possum, Vena, similis, vena, metallicus, antea, attraho"
9,49,cap. 10,Gilbert/De magnete/Liber 1/cap. 10,Liber 1,"polarity, mineralogy, specimen, natural history, medicine, doxography",39,"CAP. X. Vena ferri polos habet, & acquirit, & disponit sese ad mundi polos","Deploranda est humana, in rebus naturalibus","like, ores, earth, substances, vigour, placed, taught, polar, inherent, points, modern, merely, chapter, rocks, manner, acquire, lean, amid, charged, treatment",1.051,1,7,"13,17,19","polarity, magnetic force, attraction/repulsion","fero, terra, ignis, artificiose, dispono, polus, habeo, usus, quaesio, corpus, uena, insitus, uigores, urito, potius, torretus, decem, duodecim, hora, continuo"
10,50,cap. 11,Gilbert/De magnete/Liber 1/cap. 11,Liber 1,"polarity, mineralogy, specimen, natural history, medicine, doxography",39,"CAP. XI. Ferrum conflatum, non excitum magnete, ferrum trahit",Ferrum excoquitur,"end, wire, mass, follows, partly, fashion, let, way, water, drawn, long, balanced, second, proper, small, cork, metal, turns, hangings, quadrangular",1.052,1,7,"17,19","magnetic force, attraction/repulsion","finis, ferreus, filum, traho, aqua, longus, corpus, massa, filius, filus, modus, Borea, paruus, excitum, partim, metallum, soleo, lapis, sequor, conuenio"
11,51,cap. 12,Gilbert/De magnete/Liber 1/cap. 12,Liber 1,"polarity, mineralogy, specimen, natural history, medicine, doxography",39,"CAP. XII. Ferrum longum disponit se, etiam non excitum magnete, in Boream & meridiem.",Ferrum omne bonum & perfectum si,"does, north, point, small, way, south, variation, water, long, just, piece, cord, strong, unless, air, causes, thing, points, trial, length",1.054,1,7,"17,19","magnetic force, attraction/repulsion","ferreus, finis, aqua, filum, longus, terminus, Borea, meridies, paruus, uena, pars, Borealis, filius, modus, magnus, corpus, lapis, ostendo, filus, facio"
12,52,cap. 13,Gilbert/De magnete/Liber 1/cap. 13,Liber 1,"polarity, mineralogy, specimen, natural history, medicine, doxography",39,"CAP. XIII. Ferrum excoctum habet in se Boreales, & Australes partes certas: Vigorem magneticum, verticitatem, & vertices destinatos, seu polos.","Ferrum disponit se in septentriones,","end, boreal, verticity, ore, austral, wire, south, pieces, used, wrought, water, north, piece, apparent, parts, use, divide, large, divided, harder",1.055,1,7,"17,19,34","magnetic force, attraction/repulsion, related to an experiment","ferreus, finis, uena, pars, Borealis, aqua, polus, punctum, terminus, filus, longitudi, innato, possum, filius, septentriones, meridies, variatio, lapis, certus, uerticitas"
13,53,cap. 14,Gilbert/De magnete/Liber 1/cap. 14,Liber 1,"polarity, mineralogy, specimen, natural history, medicine, doxography",39,"CAP. XIIII. De magnetis alijs viribus, & medicinali proprietate",Dioscorides docet magnetem dari cum,"wounds, like, plaster, ore, stomach, quantity, does, says, copyists, deleterious, reason, power, arrow, able, given, garlick, mind, bring, case, produce",1.056,1,7,"23,40,41","mineralogy, natural history, medicine","exicco, medicinalis, uirtus, corpus, mens, ualeo, possum, bonus, humanus, emplastrum, causa, uerticitas, ratio, aqua, plerusque, deleterius, existimo, salus, inquam, orientalis"
14,54,cap. 15,Gilbert/De magnete/Liber 1/cap. 15,Liber 1,"polarity, mineralogy, specimen, natural history, medicine, doxography",39,CAP. XV. Ferri vis medicinalis,"Non alienum ab instituto nostro fuerit,","spleen, cold, warm, liver, body, humour, water, prepared, waters, viscera, heat, medicament, fine, proper, cases, powder, does, malady, certain, wherefore",1.059,1,7,"23,40,41","mineralogy, natural history, medicine","exicco, aqua, uolo, corpus, malum, magnus, medicamentum, morba, quare, humor, uehementer, frigidus, traho, confirmo, ferreus, potus, uirtus, emplastrum, medicinalis, convenio"
15,55,cap. 16,Gilbert/De magnete/Liber 1/cap. 16,Liber 1,"polarity, mineralogy, specimen, natural history, medicine, doxography",39,"CAP. XVI. Quod magnes & vena ferriidem sunt, ferrum verò ab utrisque extractum quiddam, ut caetera metalla à suis venis; omnesque magneticas virtutes, in ferro tam in vena ipsa quàm conflato eße, sed imbecilliores.",Hactenus magnetis naturam,"ore, weaker, bodies, properties, earth, metallick, smelted, substance, strong, metal, piece, excellent, preserved, form, away, retain, prepared, kind, furnace, true",1.062,1,7,23,mineralogy,"uena, ferreus, fero, metallum, unus, corpus, lapis, uterque, substantia, habeo, conflo, imbecillus, natura, globus, infirmus, facultas, attraho, forma, species, magnus"
16,56,cap. 17,Gilbert/De magnete/Liber 1/cap. 17,Liber 1,"polarity, mineralogy, specimen, natural history, medicine, doxography",39,"CAP. XVII. Quòd globus terrae sit magneticus, & magnes, & quomodò apud nos magnes lapis telluris vires primarias omnes habeat, tellus verò ijsdem potentijs in mundo directione certâ const",Priusquàm magneticarum motionum,"earth, globe, like, substance, bodies, nature, parts, homogenic, poles, metallick, motions, terrene, matter, form, clay, force, certain, things, natural, man",1.067,1,7,"4,21,23","astronomy/astrology/cosmology, theoretical, mineralogy","terra, globus, lapis, uena, substantia, corpus, pars, ferreus, natura, habeo, terrenus, noster, homogenicus, paruus, uideo, fero, telluris, forma, appareo, aqua"
17,58,cap. 1,Gilbert/De magnete/Liber 2/cap. 1,Liber 2,"causal explanation, polarity, magnetic force, sphere of activity, attraction/repulsion, theoretical",57,CAP. I. DE MOTIONIBUS magneticis,De opinionibus de magnete lapide,"motion, earth, centre, motions, concerning, pole, poles, parts, called, world, ones, movement, seventy, fourth, direction, degrees, matter, coition, discuss, second",1.069,1,7,"13,17,19","polarity, magnetic force, attraction/repulsion","motus, motio, centrum, polus, dico, pars, tellur, succinus, incitatio, telluris, simplex, elementum, terra, mundus, quis, alibi, disputo, corpus, uulgus, directio"
18,59,cap. 2,Gilbert/De magnete/Liber 2/cap. 2,Liber 2,"causal explanation, polarity, magnetic force, sphere of activity, attraction/repulsion, theoretical",57,"CAP. II. De coitione magnetica, primùmque de succini attractione, sive veriùs corporum ad succinum applicatione",Celebris semper fama,"bodies, air, amber, effluvia, water, attract, substances, body, does, electricks, surface, earth, heat, rubbed, things, humour, attraction, nature, flame, wet",1.083,1,7,"11,17,19,42","causal explanation, magnetic force, attraction/repulsion, doxography","corpus, succinus, aqua, electricus, allicio, attraho, facio, attractio, humor, motus, natura, superficies, dico, materia, possum, habeo, causa, effluvia, calor, uideo"
19,60,cap. 3,Gilbert/De magnete/Liber 2/cap. 3,Liber 2,"causal explanation, polarity, magnetic force, sphere of activity, attraction/repulsion, theoretical",57,"CAP. III. De magnetica coitione, quam attractionem appellant, opiniones aliorum",De electris posteaquàm disputavimus,"attraction, does, cause, motion, substance, way, draws, atoms, bodies, nature, moves, attract, attracted, air, motions, amber, draw, galen, say, says",1.087,1,7,"11,19,42","causal explanation, attraction/repulsion, doxography","lapis, traho, attractio, corpus, fero, ratio, possum, motus, causa, dico, moueo, opinio, attraho, locus, tamquam, terra, primus, natura, substantia, forma"
20,61,cap. 4,Gilbert/De magnete/Liber 2/cap. 4,Liber 2,"causal explanation, polarity, magnetic force, sphere of activity, attraction/repulsion, theoretical",57,"CAP. IIII. De magneticâ vi & formâ, quae sit, deque coitionis causâ.",Relictis aliorum opinionibus,"form, body, bodies, material, nature, forces, primary, force, does, parts, powers, earth, power, verticity, changed, piece, placed, account, near",1.095,1,7,"11,17,18,19","causal explanation, magnetic force, sphere of activity, attraction/repulsion","forma, corpus, pars, habeo, dispono, lapis, natura, possum, attraho, fero, uerticitas, tamquam, ignis, ferreus, coitio, facio, primarius, unus, quare, immuto"
21,62,cap. 5,Gilbert/De magnete/Liber 2/cap. 5,Liber 2,"causal explanation, polarity, magnetic force, sphere of activity, attraction/repulsion, theoretical",57,CAP. V. Vigor in magnete quomodò inest.,Quòd magnes lapis magnetem,"pole, force, parts, plane, point, poles, power, aequinoctial, divided, verticity, aequator, alluring, vigour, equal, forces, direction, united, mass, terrella, does",1.098,1,7,"11,13,17,18,26","causal explanation, polarity, magnetic force, sphere of activity, form","polus, pars, uigor, allicio, punctum, lapis, planus, facio, magnus, uterque, aequator, uerticitas, divido, Marcus, corpus, sedes, quomodo, uirtus, aequalis, aequinoctialis"
22,63,cap. 6,Gilbert/De magnete/Liber 2/cap. 6,Liber 2,"causal explanation, polarity, magnetic force, sphere of activity, attraction/repulsion, theoretical",57,"CAP. VI. Quomodò magnetica ferramenta, & minores magnetes conformant se ad terrellam, & ad tellurem ipsam, & ab illis disponuntur.",Coitio eorum quae divisa,"poles, orbe, parts, allured, straight, long, centre, case, nearer, vertex, comes, pole, obliquely, form, divided, quite, aequinoctial, lines, quickly, nature",1.099,1,7,"13,17,18,19,21","polarity, magnetic force, sphere of activity, attraction/repulsion, theoretical","polus, planus, uigor, punctum, Marcus, extendo, allicio, orbis, uirtus, centrum, terrella, Quintus, AEquinoctialis, ratio, vigor, corroboro, tamquam, medijss, quomodo, facio"
23,64,cap. 7,Gilbert/De magnete/Liber 2/cap. 7,Liber 2,"causal explanation, polarity, magnetic force, sphere of activity, attraction/repulsion, theoretical",57,"CAP. VII. De potentiâ virtutis magneticae, & naturâ in orbem extensibili",Funditur virtus magnetica,"light, orbe, air, power, does, instant, forces, virtue, extended, substance, body, non, excites, bodies, appearances, terrella, reflected, water",1.1,1,7,"11,17,18,19,21","causal explanation, magnetic force, sphere of activity, attraction/repulsion, theoretical","lumen, corpus, uigor, extendo, lapis, uirtus, excito, multo, terminus, praesens, magnetico, aqua, insto, obiectum, species, concipio, apprehendo, undique, orbis, longus"
24,65,cap. 8,Gilbert/De magnete/Liber 2/cap. 8,Liber 2,"causal explanation, polarity, magnetic force, sphere of activity, attraction/repulsion, theoretical",57,"CAP. VIII. De telluris, & terrellae geographiâ","De circulis etiam, & terminis","limits, earth, circles, terrella, order, aequator, way, pole, indicate, situated, delineated, certain, nature, parts, fixed, distinct, poles, astronomers, settled, points",1.102,1,7,"4,18,20,40","astronomy/astrology/cosmology, sphere of activity, direction, natural history","terminus, terrella, circulus, possum, terra, polus, coelum, certus, facio, natura, distinguo, indico, parallelum, pono, pars, VIII, telluris, geographia, circulum, dico"
25,66,cap. 9,Gilbert/De magnete/Liber 2/cap. 9,Liber 2,"causal explanation, polarity, magnetic force, sphere of activity, attraction/repulsion, theoretical",57,CAP. IX. De aequinoctiali circulo telluris & terrella,Ab Astronomis conceptus,"equal, called, circle, aequinoctial, divided, aequator, primum, poles, mobile, parts, earth, year, wherefore, nights, twice, cutting, like, divides, vigour, plane",1.102,1,7,"13,18,20,23","polarity, sphere of activity, direction, mineralogy","polus, aequinoctialis, dico, Meridianus, meridianus, certus, circulus, telluris, terrella, primus, mobilis, metior, aequalis, pars, divido, latitudo, terminus, intellego, uere, Astronomi"
26,67,cap. 10,Gilbert/De magnete/Liber 2/cap. 10,Liber 2,"causal explanation, polarity, magnetic force, sphere of activity, attraction/repulsion, theoretical",57,CAP. X. Meridiani telluris magnetici,Meridianos geographus,"meridian, fixed, meridians, poles, variation, really, direction, latitude, running, constant, disturbed, places, opposite, region, thought, limits, distinguish, way, horizon, measured",1.103,1,7,"13,17,18,20","polarity, magnetic force, sphere of activity, direction","polus, aequinoctialis, dico, Meridianus, meridianus, certus, circulus, telluris, terrella, primus, mobilis, metior, aequalis, pars, divido, latitudo, terminus, intellego, uere, Astronomi"
27,68,cap. 11,Gilbert/De magnete/Liber 2/cap. 11,Liber 2,"causal explanation, polarity, magnetic force, sphere of activity, attraction/repulsion, theoretical",57,CAP. XI. Paralleli,"In parallelis circulis eadem virtus,","parallel, equal, strength, tendencies, regions, attracted, come, terrella, like, various, placed, say, distant, circles, declination, possess, held, differ, just, earth",1.103,1,7,"13,17,18,20","polarity, magnetic force, sphere of activity, direction","aequalis, terrella, undique, regio, coelum, planus, terra, parallelum, tellur, habeo, magnus, uideo, dimidius, ratio, semidiameter, locus, angulus, facio, considero, demonstratio"
28,69,cap. 12,Gilbert/De magnete/Liber 2/cap. 12,Liber 2,"causal explanation, polarity, magnetic force, sphere of activity, attraction/repulsion, theoretical",57,CAP. XII. Horizon magneticus.,"Horizon circulus maior est,","plane, earth, horizon, great, seen, semi, diameter, terrella, place, angles, region, difference, makes, heaven, half, demonstrations, perpendicular, touching, produced, boundary",1.104,1,7,"13,17,18,20","polarity, magnetic force, sphere of activity, direction","aequalis, terrella, undique, regio, coelum, planus, terra, parallelum, tellur, habeo, magnus, uideo, dimidius, ratio, semidiameter, locus, angulus, facio, considero, demonstratio"
29,70,cap. 13,Gilbert/De magnete/Liber 2/cap. 13,Liber 2,"causal explanation, polarity, magnetic force, sphere of activity, attraction/repulsion, theoretical",57,CAP. XIII. De axe & polis magneticis,"Linea in tellure, (uti in terrella)","called, earth, terrella, world, merely, districts, πολεῖν, latins, carried, let, position, influence, line, limits, austral, cynosure, opposite, vertices, sake, direction",1.104,1,7,,,"polus, terrella, pars, dico, coitio, tellura, circa, mundus, uirtus, aequator, proportio, allicio, oblique, differo, XIII, axes, pola, Linea, centrum, axis"
30,71,cap. 14,Gilbert/De magnete/Liber 2/cap. 14,Liber 2,"causal explanation, polarity, magnetic force, sphere of activity, attraction/repulsion, theoretical",57,"CAP. XIIII. Cur in polo ipso coitio firmior sit, quàm in alijs partibus medijs inter aequatorem & polum; & de proportione virium coitionis in diversis terrae & terrellae partibus",Ostensum est anteà supremam potestatem,"pole, parts, body, obliquely, does, longer, diameter, poles, feebly, united, longest, stronger, force, way, bring, coition, aequator, just, proceeds",1.105,1,7,,,"polus, pars, paruus, terrella, corpus, longus, coitio, lapis, fero, allicio, tendo, oblique, chorda, dico, facio, diameter, duco, locus, finis, centrum"
31,72,cap. 15,Gilbert/De magnete/Liber 2/cap. 15,Liber 2,"causal explanation, polarity, magnetic force, sphere of activity, attraction/repulsion, theoretical",57,"CAP. XV. Virtus magnetica concepta in ferro magis apparet in bacillo ferreo, quàm in rotundo, quadrato, aut alterius figurae ferramento.",Dictum est anteà,"weight, piece, ends, excited, poles, suppose, exist, straight, dissipated, convenient, longer, shape, stronger, attracts, rod, figures, angular, substances, conceived, small",1.106,1,7,,,"ferreus, uirtus, lamina, figura, concipio, bacillum, ferramentum, longus, pondus, polus, licet, solidus, aqua, tollo, impedio, appareo, rotundus, quadratus, Dico, antea"
32,73,cap. 16,Gilbert/De magnete/Liber 2/cap. 16,Liber 2,"causal explanation, polarity, magnetic force, sphere of activity, attraction/repulsion, theoretical",57,"CAP. XVI. A vigore magnetico motiones fieri solidis interiacentibus corporibus, deque interpositione laminae ferreae.",Ferreum filum in aquae,"pole, plate, versorium, earth, globe, bodies, touched, interposed, point, virtue, way, middle, verticity, small, terrella, end, like, form, moon, does",1.109,1,7,,,"polus, ferreus, uirtus, corpus, globus, lapis, magnus, medius, habeo, uersorius, pars, lamella, uerticitas, interpono, lamina, facio, terrella, impedio, forma, uigor"
33,74,cap. 17,Gilbert/De magnete/Liber 2/cap. 17,Liber 2,"causal explanation, polarity, magnetic force, sphere of activity, attraction/repulsion, theoretical",57,"CAP. XVII. De magnetis casside ferreâ, quâ supra polum (virtutis ergô) armatur, eiusque efficientiâ.",Concava lamella rotunda,"piece, armed, united, presence, near, pieces, ounces, away, surface, firmly, strong, cemented, joined, vigour, greater, raise, rods, discussed, bound, obtuse",1.11,1,7,,,"magnus, corpus, unio, uncia, attollo, inermis, armo, motus, forma, Luna, telluris, supra, coelum, lapis, ferreus, pondus, ferramentum, actio, allicio, possum"
34,75,cap. 18,Gilbert/De magnete/Liber 2/cap. 18,Liber 2,"causal explanation, polarity, magnetic force, sphere of activity, attraction/repulsion, theoretical",57,CAP. XVIII. Magnes armatus non induit ferrum excitum maiore vigore quàm inermis,Sint duo ferramenta,"armed, unarmed, applied, just, touched, like, constancy, excited, earth, remaining, let, turn, versoria, proportional, strength, velocity, manifest, manner, weight",1.11,1,7,,,"unio, attollo, inermis, armo, magnus, pondus, ferramentum, armatus, mutuo, uncia, ferra, praesentia, uigoris, induo, cohaerentia, tango, natura, conspico, nasis, ferreus"
35,76,cap. 19,Gilbert/De magnete/Liber 2/cap. 19,Liber 2,"causal explanation, polarity, magnetic force, sphere of activity, attraction/repulsion, theoretical",57,"CAP. XIX. Magnete armato fortior est unitio: hinc pondera graviora attolluntur: Coitio verò non fortior, sed plerumque imbecillior",Attollere majus pondus,"equal, armed, greater, distance, weight, piece, cap, distances, moves, test, versorium, bare, unarmed, manifest, raises, tried, pieces, figure, excretions, existences",1.111,1,7,,,"armo, pondus, tertius, primus, secundus, fortis, attollo, ferramentum, distantia, unus, facio, licet, adhaereo, magnete, unitio, hinc, grauis, Coitius, plerumque, imbecillus"
36,77,cap. 20,Gilbert/De magnete/Liber 2/cap. 20,Liber 2,"causal explanation, polarity, magnetic force, sphere of activity, attraction/repulsion, theoretical",57,"CAP. XX. Magnes armatus magnetem armatum attollit, qui tertium etiam ducit; quod item fit licèt minor virtus in primo fuerit.",Magnetes iustè adiuncti,"second, mutually, adheres, strength, adhaeres, helping, weak, firmly, cohaere, robust, armed, duly, case, fourth, accord, joined, hands, existence, existences",1.111,1,7,,,"armo, pondus, tertius, primus, secundus, fortis, attollo, ferramentum, distantia, unus, facio, licet, adhaereo, magnete, unitio, hinc, grauis, Coitius, plerumque, imbecillus"
37,78,cap. 21,Gilbert/De magnete/Liber 2/cap. 21,Liber 2,"causal explanation, polarity, magnetic force, sphere of activity, attraction/repulsion, theoretical",57,"CAP. XXI. Interpositâ Chartâ, aut alio medio, magnes armatus non plùs attollit quàm inermis.",Ostensum est anteà magnetem,"greater, hindered, unarmed, does, operation, quantity, armed, paper, intimate, metals, shown, attract, distance, continuous, cemented, observation, placed, cohaesion, raises, time",1.112,1,7,,,"armo, inermis, armatus, medius, attollo, magnus, cylindrus, charta, pendeo, Charta, interpono, duco, unio, pondus, traho, convenio, Interposita, ostensus, antea, distantia"
38,79,cap. 22,Gilbert/De magnete/Liber 2/cap. 22,Liber 2,"causal explanation, polarity, magnetic force, sphere of activity, attraction/repulsion, theoretical",57,"CAP. XXII. Quòd magnes armatus ducit ferrum non magis quàm inermis: Et quòd fortiùs unitur ferro armatus, ostenditur magnete armato & Cylindro ferreo polito.",In plano iaceat cylindrus,"piece, armed, unarmed, pole, firmly, cylinder, rolling, joined, body, vigour, paper, weight, interposed, applied, drawn, hanging, larger, greater, figure, mass",1.113,1,7,,,"inermis, armo, polus, magnus, attollo, facio, armatus, pondus, corpus, majus, unus, medius, unio, cylindrus, possum, charta, figura, adhaereo, appendo, admotum"
39,80,cap. 23,Gilbert/De magnete/Liber 2/cap. 23,Liber 2,"causal explanation, polarity, magnetic force, sphere of activity, attraction/repulsion, theoretical",57,"CAP. XXIII. Magnetica vis motum facit ad unitatem, & unita firmiter connectit",Magnetica frusta benè,"filings, heated, attracted, burnt, great, body, saffron, way, cemented, strongly, long, joined, nature, meridionally, reverberatory, seek, apart, dissolution, embrace, defect",1.114,1,7,,,"polus, corpus, facio, inermis, fero, possum, magnus, lapis, armo, majus, pondus, attollo, unus, paruus, adhaereo, intra, moueo, allicio, deorsum, appono"
40,81,cap. 24,Gilbert/De magnete/Liber 2/cap. 24,Liber 2,"causal explanation, polarity, magnetic force, sphere of activity, attraction/repulsion, theoretical",57,"CAP. XXIIII. Ferrum intrà orbem magnetis positum in aëre pendulum haeret, si propter impedimentum appropinquare non possit",Ferrum intrà magneticum,"piece, force, air, stronger, greater, cleaves, account, moved, raised, placed, constant, suspended, moves, sympathia, falls, upright, porta, material, suspends, vicinity",1.115,1,7,,,"lapis, possum, paruus, fero, magnus, pondus, terra, moueo, allicio, uirtus, adhaereo, deorsum, sursum, longe, tamquam, torrefaho, validus, aliqui, natura, deformo"
41,82,cap. 25,Gilbert/De magnete/Liber 2/cap. 25,Liber 2,"causal explanation, polarity, magnetic force, sphere of activity, attraction/repulsion, theoretical",57,CAP. XXV. Exaltatio virtutum magnetis.,Magnes magnetem virtute,"pole, strength, does, weight, powerful, filings, placed, rod, stronger, terrella, boreal, certain, like, power, somewhat, steel, highest, perpendicular, strengthen",1.117,1,7,,,"possum, polus, lapis, magnus, paruus, obelus, uirtus, ferreus, adhaereo, pars, pondus, bonus, fero, fortis, perpendiculum, evado, uideo, scobis, facio, aliqui"
42,83,cap. 26,Gilbert/De magnete/Liber 2/cap. 26,Liber 2,"causal explanation, polarity, magnetic force, sphere of activity, attraction/repulsion, theoretical",57,"CAP. XXVI. Quare maior appareat ferri & magnetis amor, quàm magnetis cum magnete, aut ferri cum ferro, iuxtà magnetem intrà orbem virtutis","Magnes magnetem allicit,","piece, virtue, spike, rod, orbe, strength, material, fixed, homogenic, united, conceives, firmly, forces, cleave, perfect, smelted, fusion, steel, strongly, equal",1.118,1,7,,,"polus, centrum, uirtus, obelus, lapis, terrella, fero, orbis, ferreus, magnus, paruus, adhaereo, polo, uterque, attollo, undique, sicut, telluris, allicio, quare"
43,84,cap. 27,Gilbert/De magnete/Liber 2/cap. 27,Liber 2,"causal explanation, polarity, magnetic force, sphere of activity, attraction/repulsion, theoretical",57,"CAP. XXVII. Centrum virtutum magneticarum in tellure, est telluris centrum. Et in terrella, lapidis centrum.","CAP. XXVII. Centrum virtutum magneticarum in tellure, est telluris centrum. Et in terrella, lapidis centrum.","centre, pole, virtue, orbe, earth, equal, turn, distance, terrella, versorium, able, circumference, emitted, porta, true, borne, promote, bodies, disjoined, interval",1.119,1,7,,,"uirtus, centrum, polus, lapis, orbis, possum, terrella, allicio, facio, telluris, distantia, unio, intra, perfectus, commoueo, concipio, sicut, substantia, homogenicus, firmus"
44,85,cap. 28,Gilbert/De magnete/Liber 2/cap. 28,Liber 2,"causal explanation, polarity, magnetic force, sphere of activity, attraction/repulsion, theoretical",57,"CAP. XXVIII. Magnes non ad statum punctum, aut polum tantùm allicit magnetica, sed ad omnem partem terrellae, praeter aequinoctialem cingulum",Coitiones semper fiunt,"poles, parts, wherefore, places, forces, pole, attractive, attract, exists, languid, disposed, come, southern, periphery, powerful, evanescent, weaker, ratio, concordancy",1.12,1,7,,,"uirtus, pars, polus, lapis, possum, allicio, magnus, facio, aequalis, distantia, centrum, unus, locus, converto, drachma, circumferentia, sicut, uideo, dispono, allico"
45,86,cap. 29,Gilbert/De magnete/Liber 2/cap. 29,Liber 2,"causal explanation, polarity, magnetic force, sphere of activity, attraction/repulsion, theoretical",57,"CAP. XXIX. De virium varietate propter quantitatem, seu molem.",Qui eiusdem sunt minerae,"drachm, ounces, shape, let, weight, proportion, pound, virtue, does, ounce, portion, greater, applied, weighing, armed, vigour, ratio, various, large, given",1.121,1,7,,,"pars, figura, uncia, magnus, fero, uirtus, proportio, lapis, attollo, drachma, coitio, polus, pondus, drachmalis, possum, aequalis, experimentum, armo, moles, paruus"
46,87,cap. 30,Gilbert/De magnete/Liber 2/cap. 30,Liber 2,"causal explanation, polarity, magnetic force, sphere of activity, attraction/repulsion, theoretical",57,CAP. XXX. Ferri figura & moles valet in coitionibus plurimùm.,Ostensum est anteà,"piece, weight, strength, hung, forces, smaller, observation, material, shape, mass, does, influence, bodies, large, likewise, shown, steady, rods, great, larger",1.121,1,7,,,"figura, uncia, fero, proportio, attollo, experimentum, armo, moles, paruus, ferreus, talis, magnus, aequalis, iustus, forma, tres, mola, coitio, multum, refundo"
47,88,cap. 31,Gilbert/De magnete/Liber 2/cap. 31,Liber 2,"causal explanation, polarity, magnetic force, sphere of activity, attraction/repulsion, theoretical",57,CAP. XXXI. De longo & rotundo lapide,Corpora ferrea firmiùs,"round, long, pole, end, provided, firmly, forsooth, lines, virtue, like, stronger, coition, power, body, straight, little, demonstrable, straighter, case, distances",1.122,1,7,,,"longus, lapis, rotundus, coeo, corpus, ferreus, motus, incitatio, excosco, XXXI, Corpus, firme, modo, polus, extremitas, terminus, longitudi, scilicet, finis, dirigo"
48,89,cap. 32,Gilbert/De magnete/Liber 2/cap. 32,Liber 2,"causal explanation, polarity, magnetic force, sphere of activity, attraction/repulsion, theoretical",57,"CAP. XXXII. Problemata quaedam, & experimenta magnetica, de coitione, & divortio, & motu iusto magneticorum.",Pares magnetes pari incitatione coëunt.,"excited, cusp, pole, ends, vigour, southern, terrella, end, equal, parts, northern, mutually, opposite, repel, away, piece, pieces, spike, longer, joined",1.126,1,7,,,"pars, lapis, polus, longus, terminus, meridionalis, terrella, cuspis, finis, orbis, crux, ferreus, uirtus, motus, unus, rotundus, coeo, corpus, possum, excosco"
49,90,cap. 33,Gilbert/De magnete/Liber 2/cap. 33,Liber 2,"causal explanation, polarity, magnetic force, sphere of activity, attraction/repulsion, theoretical",57,"CAP. XXXIII. De diversâ ratione roboris, & motus Coitionis, intrà orbem virtutis.",Si pondus maximum quod,"parts, orbe, moved, distance, motion, air, mass, near, placed, versorium, beneath, quickly, small, virtue, bodies, raised, just, piece, dust, extends",1.127,1,7,,,"pars, orbis, terrella, uirtus, motus, corpus, uigor, pono, unus, ratio, moueo, polus, lapis, ferramentum, facio, facies, aduersus, fugo, longe, distantia"
50,91,cap. 34,Gilbert/De magnete/Liber 2/cap. 34,Liber 2,"causal explanation, polarity, magnetic force, sphere of activity, attraction/repulsion, theoretical",57,"CAP. XXXIIII. Cur magnes in polis suis diversâ ratione robustior sit; tam in borealibus regionibus, quàm australibus",Telluris virtus eximia,"pole, terrella, larger, turned, earth, southern, northern, round, smaller, strength, placed, let, way, away, raise, boreal, spike, experiment, lower, zenith",1.129,1,7,,,"terrella, magnus, polus, meridionalis, possum, conuerto, paruus, septentrionalis, regio, supra, motus, ratio, uirtus, demonstro, Borealis, obelus, modus, allicio, retineo, instrumentum"
51,92,cap. 35,Gilbert/De magnete/Liber 2/cap. 35,Liber 2,"causal explanation, polarity, magnetic force, sphere of activity, attraction/repulsion, theoretical",57,"CAP. XXXV. De instrumento perpetui motus ab authoribus commemorato, per attractionem magnetis",Cardanus scribit quòd,"machine, motion, word, things, attraction, greater, herculean, book, idea, account, taysnier, deformed, fictitious, centuries, instrument, figures, miserable, studious, treves, conceived",1.13,1,7,,,"magnus, terrella, polus, motus, meridionalis, instrumentum, attractio, aversus, retineo, pars, ratio, aequator, perpetuus, possum, machina, deformo, onalis, talis, positio, attollo"
52,93,cap. 36,Gilbert/De magnete/Liber 2/cap. 36,Liber 2,"causal explanation, polarity, magnetic force, sphere of activity, attraction/repulsion, theoretical",57,CAP. XXXVI. Robustior magnes quomodò cognoscatur.,Validus magnes aliquandò,"scale, placed, weight, sand, round, poles, turn, experiment, quickly, force, effete, variation, defect, porta, pan, boat, according, settle, greater, points",1.131,1,7,,,"pondus, polus, lanx, arena, magnus, experimentum, pono, cognosco, lapis, variatio, converto, opus, Porta, haereo, punctum, acquiesco, XXXVI, Robustior, quomodo, Validus"
53,94,cap. 37,Gilbert/De magnete/Liber 2/cap. 37,Liber 2,"causal explanation, polarity, magnetic force, sphere of activity, attraction/repulsion, theoretical",57,CAP. XXXVII. Usus magnetis in eo quòd ferrum affectat.,Per coitionem magneticam,"dust, bits, ore, washing, collected, crucible, placed, mass, movements, like, rich, nitri, reject, causes, cause, small, sal, alien, ingenious, cast",1.132,1,7,,,"scobs, fero, allicio, corpus, uena, ramentum, lotura, collectus, impono, ferreus, catinus, attractio, varius, attraho, XXXVII, Usus, affecto, coitio, experior, caminus"
54,95,cap. 38,Gilbert/De magnete/Liber 2/cap. 38,Liber 2,"causal explanation, polarity, magnetic force, sphere of activity, attraction/repulsion, theoretical",57,CAP. XXXVIII. De aliorum corporum attractionibus.,Vulgus philosophantium,"glass, attract, silver, attracts, mixed, does, just, nature, material, metals, said, attraction, pliny, diamond, quicksilver, gold, colour, certain, account, true",1.135,1,7,,,"attraho, argentum, corpus, lapis, traho, dico, allicio, ignis, attractio, natura, uitrum, uideo, facio, flamma, materia, fero, scobs, facile, aurum, quare"
55,96,cap. 39,Gilbert/De magnete/Liber 2/cap. 39,Liber 2,"causal explanation, polarity, magnetic force, sphere of activity, attraction/repulsion, theoretical",57,CAP. XXXIX. De corporibus mutuò se pellentibus,Qui de attrahentium,"things, bodies, water, repel, away, attract, oil, antipathy, force, wherefore, repelling, natural, animals, does, material, contrary, account, discourse, say, agree",1.137,1,7,,,"corpus, fugo, allicio, aqua, pello, quare, longe, argentum, uiuus, ratio, dico, maneo, antipathia, oleum, aliqui, materia, convenio, ignis, puto, attraho"
56,98,cap. 1,Gilbert/De magnete/Liber 3/cap. 1,Liber 3,"compass, instrument, polarity, direction, practice",97,CAP. I. DE DIRECTIONE,Ostensum à nobis est in,"poles, earth, true, points, aequator, pole, position, north, cause, south, direction, causes, nature, parts, variation, globe, way, certain, motion",1.142,1,7,,,"polus, causa, terra, natura, pars, habeo, directio, aequator, lapis, motus, uirtus, uerticitas, telluris, facio, mundus, pono, corpus, forma, certus, dirigo"
57,99,cap. 2,Gilbert/De magnete/Liber 3/cap. 2,Liber 3,"compass, instrument, polarity, direction, practice",97,"CAP. II. Dirigens virtus, seu versoria (quam verticitatem dicimus) quid sit, quomodò magneti insit, quomodò ingenita acquiritur.",Dirigens virtus quae & verticitas,"earth, parts, pole, piece, poles, substance, nature, north, boreal, verticity, divided, separated, south, turns, turn, different, placed, mass, end, true",1.145,1,7,,,"pars, polus, lapis, uerticitas, natura, corpus, telluris, uirtus, facio, terra, terrella, acquiro, terminus, conuerto, separo, divido, Caius, aliqui, meridionalis, finis"
58,100,cap. 3,Gilbert/De magnete/Liber 3/cap. 3,Liber 3,"compass, instrument, polarity, direction, practice",97,"CAP III. Quomodò ferrum verticitatem acquirat per magnetem, & quomodò verticitas illa amittitur & immutatur",Ferrum oblongum cùm fricatum,"end, long, verticity, strength, acquired, time, touched, turns, piece, cork, lost, power, excited, nature, does, earth, hot, north, let, virtue",1.147,1,7,,,"lapis, finis, uerticitas, pars, tactus, polus, acquiro, uirtus, longus, amitto, natura, uideo, modus, ignis, septentrionalis, corpus, conuerto, quomodo, frico, aliqui"
59,101,cap. 4,Gilbert/De magnete/Liber 3/cap. 4,Liber 3,"compass, instrument, polarity, direction, practice",97,"CAP. IIII. Cur ferrum tactum acquirit contrariam verticitatem, & cur ferrum à septentrionali lapidis latere vero tactum, movetur in septentriones telluris, à vero meridionali in meridiem; non septentrionali puncto lapidis affrictum ad austrum vertitur, & australi ad boream, ut falsò omnes qui de magnete scripserunt existimabant",Demonstratum est anteà,"northern, southern, pole, end, earth, touched, cusp, opposite, north, parts, south, tends, divided, near, excited, case, respect, versorium, piece, strength",1.151,1,7,,,"lapis, meridionalis, septentrionalis, pars, polus, finis, tango, facio, telluris, terminus, cuspis, tactus, uerticitas, meridies, borealis, modus, tendo, fero, unus, crux"
60,102,cap. 5,Gilbert/De magnete/Liber 3/cap. 5,Liber 3,"compass, instrument, polarity, direction, practice",97,CAP. V. De tactu ferrorum diversarum figurarum,Bacilli ferrei tacti alter finis,"ring, touched, middle, verticity, ends, like, opposite, place, let, power, rod, globe, point, divided, bent, north, effect, continuous, whilst, welding",1.151,1,7,,,"tendo, finis, pars, septentrionalis, facio, meridionalis, lapis, telluris, figura, annulus, meridies, medius, divido, integer, tango, conuerto, tacti, polus, ferreus, uerticitas"
61,103,cap. 6,Gilbert/De magnete/Liber 3/cap. 6,Liber 3,"compass, instrument, polarity, direction, practice",97,CAP. VI. Contrarius qui videtur motus magneticorum est iusta ad unitatem confluentia.,In magneticis semper natura,"way, north, earth, let, tending, just, figure, divided, south, joined, grafted, nature, body, harmony, shown, end, tends, divide, turn, form",1.153,1,7,,,"tendo, divido, Caius, finis, natura, integer, telluris, pars, forma, figura, contrarius, uerticitas, medius, cohaereo, motus, unitas, solus, convenientia, converto, dispono"
62,104,cap. 7,Gilbert/De magnete/Liber 3/cap. 7,Liber 3,"compass, instrument, polarity, direction, practice",97,"CAP. VII. Destinata verticitas & disponens facultas componunt magnetica, non vis attrahens convellensuè, nec coitio sola validior aut unitio",In aequinoctiali A nulla,"snout, perpendicular, coition, account, force, stronger, weight, terrella, aequinoctial, just, raise, raised, strongest, poles, spike, greater, piece, attraction, does, potency",1.154,1,7,,,"polus, coitio, terrella, attollo, pars, validus, Lucius, perpendiculum, nasus, ferreus, forma, germino, Caius, finis, insero, accresco, uerticitas, unitio, aequinoctialis, pola"
63,105,cap. 8,Gilbert/De magnete/Liber 3/cap. 8,Liber 3,"compass, instrument, polarity, direction, practice",97,"CAP. VIII. De ferramentorum super eundem polum magnetis discordijs, & quomodò convenire possunt & iunctim constare.",Si duo fila ferrea seu binae acus,"pole, ends, end, wires, stand, length, terrella, spikes, force, perpendicularly, shorter, way, barleycorn, association, joined, mutually, away, longer, adhaere, northern",1.155,1,7,,,"lapis, polus, terrella, attollo, ferreus, coitio, ferramentum, allicio, perpendiculum, nasus, filum, aequinoctialis, terminus, pola, magnus, distantia, unio, obelus, validus, Lucius"
64,106,cap. 9,Gilbert/De magnete/Liber 3/cap. 9,Liber 3,"compass, instrument, polarity, direction, practice",97,CAP. IX. Figurae directoriae conversionum varietates indicantes,Positâ sic à nobis satis probabili causâ,"pole, cusps, directions, earth, aequator, plane, versorium, parts, cusp, terrella, southern, touched, northern, eastern, poles, western, directed, horizon, sphere, place",1.157,1,7,,,"polus, lapis, pars, cuspis, finis, directio, filius, planus, terminus, terrella, meridionalis, locus, dirigo, contrarius, septentrionalis, aequator, converto, borealis, uerticitas, ferreus"
65,107,cap. 10,Gilbert/De magnete/Liber 3/cap. 10,Liber 3,"compass, instrument, polarity, direction, practice",97,"CAP. X. De immutatione verticitatis & proprietatum magneticarum, sive de vigoris à magnete exciti alteratione.",Ferrum magnetico influxu excitum,"end, pole, wire, verticity, does, opposite, time, turn, strength, touched, contrary, property, weaker, round, change, changed, boreal, strong, new, rubbed",1.159,1,7,,,"uerticitas, polus, finis, lapis, pars, filius, ferreus, unus, tango, proprietas, immuto, converto, imbecillus, tempus, orientalis, occidentalis, facio, immutatio, nouus, induo"
66,108,cap. 11,Gilbert/De magnete/Liber 3/cap. 11,Liber 3,"compass, instrument, polarity, direction, practice",97,"CAP. XI. De affrictu ferri super magnetem in medijs locis inter polos, & super terrellae aequinoctialem.",Sumito filum ferreum trium,"verticity, length, poles, earth, acquired, way, touched, wire, cork, indued, line, direction, end, digits, waves, float, weak, touch, influence, swim",1.161,1,7,,,"uerticitas, polus, tempus, tango, lapis, unus, inno, imbecillus, immutatio, incito, deturbo, nouus, induo, facio, secundum, robustus, natura, longus, sine, septentrionalis"
67,109,cap. 12,Gilbert/De magnete/Liber 3/cap. 12,Liber 3,"compass, instrument, polarity, direction, practice",97,CAP. XII. Quomodò verticitas existit in ferro quovis excocto magnete non excito.,Hactenùs naturales & ingenitas,"verticity, earth, let, position, north, end, pole, poles, long, south, placed, piece, pieces, heated, whilst, way, cooling, point, turns, mass",1.165,1,7,,,"uerticitas, polus, finis, positio, meridies, habeo, extendo, ferreus, punctum, refrigero, ignis, uirtus, ferramentum, septentrio, conuerto, acquiro, corpus, causa, fero, massa"
68,110,cap. 13,Gilbert/De magnete/Liber 3/cap. 13,Liber 3,"compass, instrument, polarity, direction, practice",97,CAP. XIII. Cur nullum aliud corpus praeter magneticum verticitate imbuatur ex attritione magnetis; & cur nullum corpus virtutem illam immittere & incitare valeat nisi magneticum fuerit.,Lignum innatans aquae in polos,"diamond, earth, water, qualities, turn, poles, floating, north, steel, contrary, touched, thrust, corks, wires, lustre, strength, excited, deceived, forms, reason",1.166,1,7,,,"uerticitas, polus, uirtus, corpus, habeo, adamo, punctum, terra, causa, ferreus, forma, telluris, noster, immuto, uigor, orbis, natura, similis, rego, quare"
69,111,cap. 14,Gilbert/De magnete/Liber 3/cap. 14,Liber 3,"compass, instrument, polarity, direction, practice",97,"CAP. XIIII. Situs magnetis nunc suprà, nunc infrà corpus magneticum in aequilibrio suspensum, neque virtutem, neque verticitatem magnetici corporis immutat","Quod pręterire rectè non possumus,","turn, aequilibrium, round, ends, pole, piece, eastern, parts, porta, freely, conceived, antarctic, upper, experiment, ideas, western, way, admitted, suspended, water",1.167,1,7,,,"lapis, aequilibrium, aliqui, pars, polus, habeo, supra, infra, corpus, possum, arcticus, centrum, sedes, circulus, XIIII, situs, magnetis, suspento, uirtus, uerticitas"
70,112,cap. 15,Gilbert/De magnete/Liber 3/cap. 15,Liber 3,"compass, instrument, polarity, direction, practice",97,"CAP. XV. Poli, aequator, centrum, in integro permanent, & stabiliter perstant: ex diminutione, & partis alicuius separatione, variant, & alias sedes acquirunt.","Sit terrella A B, cuius centrum E,","aequator, virtues, cut, limits, pole, poles, circle, aequinoctial, body, terrella, position, plane, divided, away, axis, earth, shape, new, change, virtue",1.169,1,7,,,"pars, lapis, polus, uirtus, aequator, terminus, integer, corpus, aliqui, sedes, meridionalis, figura, arcticus, habeo, circulus, aequilibrium, uerticitas, aequinoctialis, amputo, planus"
71,113,cap. 16,Gilbert/De magnete/Liber 3/cap. 16,Liber 3,"compass, instrument, polarity, direction, practice",97,"CAP. XVI. Si meridionalis pars lapidis imminuta fuerit, aliquid etiam detrahetur de virtute borealis partis:",Nam etsi boreali parte,"southern, portion, aequator, end, does, potency, increases, account, condition, attract, cutting, opposite, repelled, cancer, arises, wherefore, attracted, motion, cut, new",1.169,1,7,,,"pars, uirtus, aequator, integer, meridionalis, lapis, polus, terminus, diuido, sedes, corpus, nouus, borealis, assurgo, uerticitas, aliquis, destino, procedo, forma, aliqui"
72,114,cap. 17,Gilbert/De magnete/Liber 3/cap. 17,Liber 3,"compass, instrument, polarity, direction, practice",97,"CAP. XVII. De usu & praestantiâ versoriorum: & quomodò versoria ferrea directoria horologiorum, tum nauticae pyxidis fila confricentur, ut validiorem acquirant verticitatem.","Versoria magnete praeparata,","needle, end, pole, excited, let, rubbed, touched, virtue, prepared, way, rubbing, equal, verticity, piece, armed, unarmed, earth, cusp, little, needles",1.173,1,7,,,"lapis, uirtus, polus, uersorius, finis, tactus, excio, uerticitas, praeparo, tango, fero, uersoria, ferreus, filum, confrico, modus, terra, aliqui, frico, summus"
73,116,cap. 1,Gilbert/De magnete/Liber 4/cap. 1,Liber 4,"declination, navigation, compass, instrument, causal explanation, practice",115,CAP. I. DE VARIATIONE,De directione hactenùs,"earth, variation, meridian, pole, regions, true, east, north, globe, point, stronger, near, compass, west, great, bodies, coast, northern, versorium",1.177,1,7,,,"polus, terra, meridianus, magnus, pars, globus, variatio, uariatio, corpus, terminus, contineo, directio, telluris, aliqui, respicio, meridianum, regio, natura, motus, punctum"
74,117,cap. 2,Gilbert/De magnete/Liber 4/cap. 2,Liber 4,"declination, navigation, compass, instrument, causal explanation, practice",115,CAP. II. Quòd variatio ab inaequalitate eminentium telluris partium efficiatur.,Demonstratur hoc ipsum manifestè,"pole, terrella, versorium, stronger, variation, placed, let, surface, wire, middle, eminence, parts, imperfect, true, earth, vary, directed, equal, does, eminences",1.182,1,7,,,"polus, pars, terrella, eminentia, superficies, vario, imperfectus, ferreus, Caius, uariatio, magnus, pono, medius, uersorius, Lucius, unus, aequator, Marcus, lapis, talis"
75,118,cap. 3,Gilbert/De magnete/Liber 4/cap. 3,Liber 4,"declination, navigation, compass, instrument, causal explanation, practice",115,CAP. III. Variatio uniuscuiusque loci constans est.,Ut olim inclinaverit magneticum,"versorium, place, variation, point, land, certain, terrella, cusp, definite, placed, arc, earth, eminences, region, regions, surface, directed, certainly, dissolution, pointing",1.183,1,7,,,"uersorius, regio, punctum, deflecto, pono, locus, uersorij, certus, terrella, diverto, parum, longe, remoueo, Similiter, directe, polo, Lucius, Marcus, converto, polus"
76,119,cap. 4,Gilbert/De magnete/Liber 4/cap. 4,Liber 4,"declination, navigation, compass, instrument, causal explanation, practice",115,CAP. IIII. Arcus variationis non immutatur aequaliter pro locorum distantijs.,In mari amplo cùm navis,"vessel, course, variation, distance, land, greater, parallel, north, far, degree, latitude, position, varies, arc, miles, indistinctly, west, borne, touches, small",1.184,1,7,,,"terra, positio, uariatio, locus, arcus, magnus, dirigo, perinde, globus, regio, variatio, immuto, navis, parallelum, gradus, centum, diminuo, vario, distantia, tunc"
77,120,cap. 5,Gilbert/De magnete/Liber 4/cap. 5,Liber 4,"declination, navigation, compass, instrument, causal explanation, practice",115,"CAP. V. Insula in Oceano variationem non mutat, ut neque magnetum metalla.",Insulae etiamsi magis,"earth, power, does, variation, direction, sea, attraction, mines, turning, inclination, perturbation, globe, hill, diverts, extends, virtue, agnate, viz, change",1.185,1,7,,,"directio, attractio, uariatio, causa, insula, variatio, metalla, motus, aliqui, conversio, parum, facio, fero, natura, Oceanus, muto, Insula, etiamsi, maria, immuto"
78,121,cap. 6,Gilbert/De magnete/Liber 4/cap. 6,Liber 4,"declination, navigation, compass, instrument, causal explanation, practice",115,"CAP. VI. Quòd variatio & directio sint à dispositrice vi telluris, & convertibili magneticâ naturâ, non ab attractione, aut coitione, aut aliâ occultâ causâ.",Quoniam magnes magnetica,"pole, attraction, direction, moved, vessel, water, point, cork, power, wire, turning, let, variation, motion, robert, caused, place, clings, middle, englishman",1.186,1,7,,,"polus, directio, attractio, aliqui, uariatio, facio, variatio, natura, motus, magnus, fero, causa, punctum, aqua, locus, etiamsi, diverto, ostendo, quare, globus"
79,122,cap. 7,Gilbert/De magnete/Liber 4/cap. 7,Liber 4,"declination, navigation, compass, instrument, causal explanation, practice",115,"CAP. VII. Cur variatio non sit maior à laterali illâ causâ quàm hactenus observata fuit, quae rarò visa est duo puncta nauticae pyxidis attigiße, nisi propè polum.",Tellus propter laterales validioris,"greater, earth, true, poles, variation, verticity, degrees, lands, meridian, variations, globe, let, regions, places, arc, place, meridians, method, elevated, region",1.188,1,7,,,"polus, magnus, terra, locus, uariatio, pars, gradus, regio, uerticitas, Caius, facio, natura, lateralis, causa, globus, diverto, meridianum, dispono, arcus, variatio"
80,123,cap. 8,Gilbert/De magnete/Liber 4/cap. 8,Liber 4,"declination, navigation, compass, instrument, causal explanation, practice",115,"CAP. VIII. De pyxidis nauticae usitatae compositione, & de diversitate pyxidum diversarum gentium",In capsulâ ligneâ cavâ,"compass, variation, sea, different, circle, lily, use, horizon, attached, point, versorium, cardboard, points, ends, mariners, marine, errors, north, account, rumbe",1.19,1,7,,,"nauticus, variatio, pyxis, punctum, horizons, pyxidis, facio, orbis, marinus, pars, possum, ferramentum, terminus, meridianus, regio, error, usus, compositio, diversitas, diversus"
81,124,cap. 9,Gilbert/De magnete/Liber 4/cap. 9,Liber 4,"declination, navigation, compass, instrument, causal explanation, practice",115,CAP. IX. An longitudo terrestris inveniri possit per variationem.,"Gratum hoc opus nautis esset,","variation, meridian, east, north, true, needle, latitude, longitude, versorium, means, deg, degr, west, follow, pointeth, places, degrees, does, greatest",1.192,1,7,,,"variatio, magnus, meridianus, gradus, uariatio, pars, nauticus, locus, directio, inuenio, uersorius, polus, oriens, pyxis, marinus, insula, facio, possum, ratio, omnino"
82,125,cap. 10,Gilbert/De magnete/Liber 4/cap. 10,Liber 4,"declination, navigation, compass, instrument, causal explanation, practice",115,"CAP: X. Cur varijs in locis propè polum, variationes sint multò ampliores, quàm in minore Latitudine",Versorium cùm fuerit in aequatore,"versorium, direction, aequator, poles, near, natural, variation, latitude, property, strongly, earth, directed, pole, horizon, reason, causes, stronger, partly, falls, deflects",1.193,1,7,,,"variatio, polus, aequator, directio, uersorius, terra, causa, natura, gradus, uariatio, magnus, ratio, dirigo, multo, quare, uersorii, ualide, error, centrum, rumbo"
83,126,cap. 11,Gilbert/De magnete/Liber 4/cap. 11,Liber 4,"declination, navigation, compass, instrument, causal explanation, practice",115,CAP. XI. Cardani error quaerentis distantiam centri terrae à centro mundi per motum Herculei lapidis; 5. de proportionibus.,Quàm proclive sit labi,"earth, degrees, easily, variation, error, centres, distances, east, errors, horizon, cosmos, real, things, experiments, north, cardan, reckoned, distant, demonstrative, forms",1.195,1,7,,,"polus, directio, natura, causa, variatio, error, centrum, terra, latitudi, infirmus, evado, aequator, dirigo, uersorius, Horizonte, ratio, imbecillus, meridianum, Cardanus, distantia"
84,127,cap. 12,Gilbert/De magnete/Liber 4/cap. 12,Liber 4,"declination, navigation, compass, instrument, causal explanation, practice",115,"CAP. XII. De variationis quantitate inveniendâ: quantus sit arcus Horizontis à meridiani intersectione arcticâ, aut antarcticâ, ad magnetici ferri respectum.",Verus meridianus totius,"instrument, sun, let, variation, horizon, rising, star, meridian, rule, known, observe, degrees, circle, pole, compass, centre, place, altitude, versorium, latitude",1.204,1,7,,,"instrumentum, stella, gradus, uariatio, cognosco, pars, possum, regula, linea, horizons, unus, altitudo, numerus, centrum, locus, circulus, nauticus, observo, umbra, quadrans"
85,128,cap. 13,Gilbert/De magnete/Liber 4/cap. 13,Liber 4,"declination, navigation, compass, instrument, causal explanation, practice",115,"CAP. XIII. Observationes variationis à navigantibus, plerunque sunt variae & incertae: partim ab errore & inscitiâ, & instrumentorum imperfectionibus; partim à mari rarò ità tranquillo, ut umbrae aut lumina iustè in instrumentis constare possint.",Ab illo tempore quo primùm,"compass, portuguese, rumbe, variation, needles, half, east, deviation, true, use, lily, meridian, observations, shows, construction, meridional, great, writings, understand, unskilful",1.205,1,7,,,"uariatio, pyxis, aequator, instrumentum, mare, nauticus, aliqui, ferramentum, variatio, incertus, facio, magnus, intellego, utor, primus, pyxidula, lilium, dimidium, rumbus, nauigo"
86,129,cap. 14,Gilbert/De magnete/Liber 4/cap. 14,Liber 4,"declination, navigation, compass, instrument, causal explanation, practice",115,"CAP. XIIII. De variatione sub aequinoctiali linea, & propè ipsam.","In Borealibus variat magneticum,","aequator, variation, north, south, rarely, somewhat, eminences, boreal, continent, near, continents, varies, degrees, regions, austral, observed, sides, southern, distance, influential",1.206,1,7,,,"aequator, uariatio, rumbus, variatio, Eurum, caput, Agulhas, facio, pyxis, declino, aliqui, continens, mare, magnus, ultra, terminus, hortus, mensuro, diarium, nauticus"
87,130,cap. 15,Gilbert/De magnete/Liber 4/cap. 15,Liber 4,"declination, navigation, compass, instrument, causal explanation, practice",115,"CAP. XV. Variatio magnetici ferri in mari magno Aethiopico, & Americano, ultrà aequatorem.",Diximus anteà modum,"variation, end, versorium, south, east, cape, islands, promontory, great, tends, turns, coast, course, west, land, aside, hope, pole, needle",1.207,1,7,,,"uariatio, variatio, magnus, aequator, insula, ultra, terminus, uersorij, tendo, rumbus, pars, Eurum, caput, Agulhas, facio, aliqui, gradus, continens, diverto, finis"
88,131,cap. 16,Gilbert/De magnete/Liber 4/cap. 16,Liber 4,"declination, navigation, compass, instrument, causal explanation, practice",115,CAP. XVI. De variatione in Nova Zembla,Variationes in partibus polo,"east, north, greater, west, course, hope, does, shown, known, years, dutch, great, pardonable, open, reason, ocean, exact, usual, variation",1.208,1,7,,,"magnus, variatio, uariatio, polus, insula, mare, meridies, tendo, hortus, uersorij, littus, terra, paruus, uersorius, gradus, fere, spes, iter, uentus, latitudo"
89,132,cap. 17,Gilbert/De magnete/Liber 4/cap. 17,Liber 4,"declination, navigation, compass, instrument, causal explanation, practice",115,CAP. XVII. Variatio in mari de Zur,Superato freto Magellanico in,"south, east, aequator, shore, peru, far, north, deflection, variation, deviation, strait, new, latitude, comes, america, continued, little, proportion, west, greater",1.208,1,7,,,"magnus, mare, hortus, aequator, polus, latitudo, fere, deviatio, manifestus, oriens, extendo, littus, Peruvia, meridies, deflectio, uariatio, littor, Borea, variatio, uentus"
90,133,cap. 18,Gilbert/De magnete/Liber 4/cap. 18,Liber 4,"declination, navigation, compass, instrument, causal explanation, practice",115,CAP. XVIII. De variatione in mari mediterraneo,"Putant nautae Siculi & Itali,","pole, sea, east, meridian, north, peloponnesus, west, wind, sicilian, mediterranean, open, mistralizes, palestine, mistral, largest, think, proceeded, maurolycus, macedonia, corelia",1.209,1,7,,,"magnus, mare, hortus, uariatio, polus, mediterraneus, Variatio, regio, latitudo, deviatio, Zephyroborea, littus, aequator, Borea, meridianum, terra, fere, gradus, pyxidula, manifestus"
91,134,cap. 19,Gilbert/De magnete/Liber 4/cap. 19,Liber 4,"declination, navigation, compass, instrument, causal explanation, practice",115,CAP. XIX. Variatio in mediterraneis Continentibus magnis.,Magna maria plerunque magnas,"great, middle, meridian, regions, variations, directions, interior, peru, small, upper, europe, heart, north, borders, land, lands, asia, parts, africa, continents",1.209,1,7,,,"magnus, mediterraneus, regio, terra, Variatio, uariatio, polus, meridianum, paruus, devio, soleo, uersorius, oceanum, Orientalis, locus, uolo, Zephyroborea, mare, Palestina, tunus"
92,135,cap. 20,Gilbert/De magnete/Liber 4/cap. 20,Liber 4,"declination, navigation, compass, instrument, causal explanation, practice",115,CAP. XX. Variatio in oceano Orientali,"Variatio in oceano Orientali,","compass, rumbe, west, portuguese, make, inclines, goa, course, mosambique, south, north, eastern, places, versorium, variation, deviation, ocean, observations, moluccas",1.21,1,7,,,"terra, magnus, uariatio, regio, distantia, mediterraneus, polus, uersorius, longe, locus, deviatio, inclino, rumbo, Variatio, pars, paruus, medijss, oceanum, iter, primus"
93,136,cap. 21,Gilbert/De magnete/Liber 4/cap. 21,Liber 4,"declination, navigation, compass, instrument, causal explanation, practice",115,CAP. XXI. Quomodò deviatio versorij propter locorum distantias intenditur & remittitur,In medijs terrarum magnarum,"variation, miles, distance, near, great, land, pole, versorium, lands, varies, parallel, diminished, 100, earth, navigating, change, increases, order",1.213,1,7,,,"terra, uariatio, distantia, uersorius, polus, deviatio, inclino, rumbo, primus, magnus, longe, milliarus, mill, parallelum, decresco, gradus, Caius, pyxidula, pars, iter"
94,138,cap. 1,Gilbert/De magnete/Liber 5/cap. 1,Liber 5,"inclination, compass, instrument, practice",137,CAP. I. DE DECLINATIONE,Iam tandem pervenimus,"pole, needle, horizon, earth, let, instrument, centre, declination, end, point, southern, motion, cross, body, versorium, sphere, north, right, aequator, boreal",1.22,1,7,,,"horizons, polus, punctum, declinatio, finis, instrumentum, planus, lapis, descendo, regio, telluris, rectus, meridionalis, centrum, facio, crux, borealis, ratio, sphaera, uersorius"
95,139,cap. 2,Gilbert/De magnete/Liber 5/cap. 2,Liber 5,"inclination, compass, instrument, practice",137,"CAP. II. Diagramma declinationum ferri magnetici exciti, in varijs sphaerae positionibus, & horizontibus telluris, in quibus nulla est variatio declinationis","AEquator A B, C polus","terrella, pole, earth, poles, needle, length, north, raised, smaller, aequator, south, degrees, southern, position, wires, dipping, declination, just, northern, touched",1.224,1,7,,,"polus, terrella, Caius, lapis, declinatio, telluris, borealis, horizons, declino, sphaera, regio, magnus, rectus, obliquus, positio, fero, australis, corpus, axis, locus"
96,140,cap. 3,Gilbert/De magnete/Liber 5/cap. 3,Liber 5,"inclination, compass, instrument, practice",137,"CAP. III. Instrumentum ostensivum, virtute lapidis indicans gradus declinationis, ab uniuscuiusque latitudinis horizonte.",Terrella ex optimo magnete,"terrella, versorium, let, circle, quadrant, limb, declination, degrees, quadrants, meridian, centre, block, poles, wood, having, half, rim, aequilibrio, described, shown",1.225,1,7,,,"terrella, polus, lapis, australis, gradus, fero, declino, declinatio, latitudo, paruus, ferreus, uirtus, telluris, cuspis, aequator, Caius, locus, borealis, magnus, axis"
97,141,cap. 4,Gilbert/De magnete/Liber 5/cap. 4,Liber 5,"inclination, compass, instrument, practice",137,"CAP. IIII. De versorij conveniente longitudine super terrellam, pro declinatione.",Cum supra tellurem ipsam,"terrella, long, versorium, declination, irregularly, short, length, earth, wires, just, orbicular, turn, longer, touched, cusp, likewise, waver, instrument, beginning, stands",1.226,1,7,,,"terrella, circulus, quadrans, gradus, polus, tunc, aliqui, limbus, centrum, uersorius, ratio, declinatio, instrumentum, magnitudo, adeo, exacte, ostendo, postea, assere, supra"
98,142,cap. 5,Gilbert/De magnete/Liber 5/cap. 5,Liber 5,"inclination, compass, instrument, practice",137,"CAP. V. Quòd declinatio ab attractione magnetis non sit, sed à virtute disponente, & convertente.",In universa rerum natura illud,"versorium, pole, does, needle, end, terrella, reason, latitude, rotates, strongly, body, quantity, rotate, centre, plane, nature, attraction, placed, greater, globular",1.227,1,7,,,"terrella, uersorius, polus, converto, lapis, longus, declinatio, uersorij, longitudo, planus, irregulariter, corpus, ferreus, supra, uirtus, habeo, extendo, magnus, facio, declino"
99,143,cap. 6,Gilbert/De magnete/Liber 5/cap. 6,Liber 5,"inclination, compass, instrument, practice",137,"CAP. VI. De proportione declinationis pro latitudinis ratione, & de causa eius.",De instrumenti fabricâ pro declinatione,"centre, aequator, earth, axis, pole, degrees, motion, declination, rotation, body, latitude, arc, horizon, just, needle, different, point, line, degree, versorium",1.229,1,7,,,"polus, centrum, declinatio, lapis, aequator, motus, uersorius, conversio, gradus, converto, corpus, declino, uersorij, fero, conuerto, causa, terrella, latitudo, horizons, respicio"
100,144,cap. 7,Gilbert/De magnete/Liber 5/cap. 7,Liber 5,"inclination, compass, instrument, practice",137,CAP. VII. Diagrammatis conversionis magnetici ferri ratio.,Sit corpus telluris vel terrellae,"arc, rotation, declination, centre, limit, earth, horizon, latitude, quadrant, arcs, place, pole, aequator, degrees, drawn, beginning, needle, line, circle",1.232,1,7,,,"centrum, aequator, polus, motus, conversio, gradus, corpus, arcus, Lucius, fero, terra, telluris, conuerto, horizons, declinatio, ratio, terrella, punctum, Caius, Marcus"
101,145,cap. 8,Gilbert/De magnete/Liber 5/cap. 8,Liber 5,"inclination, compass, instrument, practice",137,"CAP. VIII. Diagramma conversionis magnetici ferri, declinationem magneticam indicans in omni latitudine, & ex conversione & declinatione, latitudinem.","In superiore diagrammate,","declination, instrument, quadrant, needle, degree, centre, meridian, variation, arc, line, drawn, plane, earth, arcs, latitude, means, diagram, turned, pole, horizon",1.236,1,7,,,"arcus, declinatio, conversio, gradus, quadrans, centrum, instrumentum, regio, latitudo, polus, pars, linea, terminus, circulus, locus, magnus, planus, circa, horizons, indico"
102,146,cap. 9,Gilbert/De magnete/Liber 5/cap. 9,Liber 5,"inclination, compass, instrument, practice",137,"CAP. IX. Demonstratio directionis, aut variationis à vera directione, simul cum declinatione; unico tantùm in aqua motu, à disponente virtute & convertibili.",Filum ferreum tenue trium digitorum,"water, cork, point, little, variation, wire, let, end, round, remain, digits, length, vase, horizon, place, dip, declination, direction, long, prepared",1.239,1,7,,,"declinatio, variatio, declino, aqua, planus, maneo, finis, punctum, instrumentum, pono, meridianus, directio, praeparo, horizons, circulus, magnus, gradus, meridionalis, infra, centrum"
103,147,cap. 10,Gilbert/De magnete/Liber 5/cap. 10,Liber 5,"inclination, compass, instrument, practice",137,CAP. X. De declinationis variatione,De directione anteà dictum,"declination, variation, direction, meridian, parts, chap, book, nature, needle, true, effect, dips, observe, mark, proper, account, rotation, certain, round, elevations",1.24,1,7,,,"declinatio, directio, pars, variatio, uariatio, experimentum, descendo, ultra, aliquando, meridianus, licet, possum, natura, liber, telluris, corpus, appareo, naturaliter, intellego, curiosus"
104,148,cap. 11,Gilbert/De magnete/Liber 5/cap. 11,Liber 5,"inclination, compass, instrument, practice",137,CAP. XI. De formali actu magnetico sphaericè effuso.,Dictum est saepiùs de telluris,"orbes, terrella, body, orbe, diagram, versorium, effused, surface, axis, distance, form, exist, causes, earth, looks, account, circle, limits",1.244,1,7,,,"orbis, terrella, forma, corpus, orbus, causa, respicio, supra, uirtus, uersorius, medius, superficies, lapis, terminus, quouis, axes, aequator, procedo, centrum, Lucius"
105,149,cap. 12,Gilbert/De magnete/Liber 5/cap. 12,Liber 5,"inclination, compass, instrument, practice",137,"CAP. XII. Vis magnetica animata est, aut animam imitatur; quae humanam animam, dum organico corpori alligatur, in multis superat",Admirabilis in plurimis,"life, universe, globes, earth, bodies, stars, living, things, actions, organs, animate, carried, animals, fixed, sun, nature, homogenic, wonderful, plants, implanted",1.248,1,7,,,"anima, animo, mundus, corpus, sine, motus, globum, natura, possum, certus, pars, habeo, actio, organum, globus, forma, astrum, terra, animal, uita"
106,151,cap. 1,Gilbert/De magnete/Liber 6/cap. 1,Liber 6,"astronomy/astrology/cosmology, Copernicanism, causal explanation, magnetic force, theoretical",150,"CAP. I. DE TELLURIS GLOBO, MAGno magnete.",Hactenus de magnete,"earth, terrella, pole, things, body, verticity, experiments, just, boundaries, placed, displayed, aequator, nature, rods, means, thing, wonderful, surface, natural",1.25,1,7,,,"terrella, tellure, polus, telluris, tellur, ostendo, terminus, experimentum, pars, uerticitas, quomodo, naturalis, supra, corpus, conformo, globus, tellurs, aequinoctialis, circulus, axis"
107,152,cap. 2,Gilbert/De magnete/Liber 6/cap. 2,Liber 6,"astronomy/astrology/cosmology, Copernicanism, causal explanation, magnetic force, theoretical",150,CAP. II. Magneticus axis telluris invariabilis permanet.,"Axis telluris magneticus,","latitudes, ptolemy, places, earth, observations, pole, degrees, north, time, motion, says, degree, according, years, observation, sloth, slow, centre, placed",1.252,1,7,,,"polus, terrella, pars, telluris, tempus, noster, Boreus, gradus, observatio, latitudi, corpus, magnus, ostendo, tellure, solus, annus, Ptolemaei, unus, uerticitas, tellur"
108,153,cap. 3,Gilbert/De magnete/Liber 6/cap. 3,Liber 6,"astronomy/astrology/cosmology, Copernicanism, causal explanation, magnetic force, theoretical",150,"CAP. III. De terrestris globi diurna revolutione magnetica, adversus primi mobilis inveteratam opinionem, probabilis assertio.",Apud veteres Heraclides,"earth, motion, stars, bodies, mobile, primum, nature, fixed, round, moon, universe, heaven, motions, set, space, diurnal, sun, philosophers, firmament, movement",1.258,1,7,,,"motus, terra, corpus, primus, mobilis, stella, uideo, magnus, natura, sphaera, habeo, moueo, opinio, diurnus, philosophus, spatium, Luna, caelum, paruus, quare"
109,154,cap. 4,Gilbert/De magnete/Liber 6/cap. 4,Liber 6,"astronomy/astrology/cosmology, Copernicanism, causal explanation, magnetic force, theoretical",150,CAP. IIII. Terram circulariter moveri.,"Iam verò cùm caelum totum,","earth, motion, parts, sun, poles, circular, moved, natural, primary, circularly, revolution, diurnal, virtue, fixed, things, forces, revolves, verticity, plane, stars",1.263,1,7,,,"terra, motus, pars, polus, diurnus, moueo, tellus, natura, circularis, uirtus, naturalis, circulariter, aliqui, certus, lumen, modus, telluris, mundus, possum, cursus"
110,155,cap. 5,Gilbert/De magnete/Liber 6/cap. 5,Liber 6,"astronomy/astrology/cosmology, Copernicanism, causal explanation, magnetic force, theoretical",150,"CAP. V. Terrae motum negantium rationes, & earum confutatio.",Non supervacuum erit eorum,"earth, motion, centre, does, parts, stars, cause, air, rest, diurnal, bodies, revolution, things, sun, borne, globe, weight, set, place, way",1.269,1,7,,,"motus, terra, pars, moueo, telluris, centrum, corpus, tellur, orbis, diurnus, tellus, ratio, facio, possum, fero, primus, circa, causa, revolutio, Lucius"
111,156,cap. 6,Gilbert/De magnete/Liber 6/cap. 6,Liber 6,"astronomy/astrology/cosmology, Copernicanism, causal explanation, magnetic force, theoretical",150,"CAP. VI. De causa definiti temporis, integrae conversionis telluris.",Diurni motus causae,"earth, motion, moon, sun, stars, respect, motions, revolution, hours, proportion, day, harmony, forces, primum, revolves, diurnal, days, mobile, time, orbit",1.271,1,7,,,"motus, Luna, dies, hora, causa, tempus, terra, revolutio, cursus, tellur, mobilis, habeo, tellus, primus, integer, telluris, magnus, minutus, orbis, proportio"
112,157,cap. 7,Gilbert/De magnete/Liber 6/cap. 7,Liber 6,"astronomy/astrology/cosmology, Copernicanism, causal explanation, magnetic force, theoretical",150,"CAP. VII. De telluris magnetica natura primaria, quâ poli eius à polis eclipticae dirimuntur.",Posteaquàm diurnae terrae,"earth, poles, ecliptick, things, sun, minutes, seasons, light, partly, zodiack, pole, globe, direction, brought, distance, degrees, eminence, aspect, perpetually",1.272,1,7,,,"polus, telluris, eclipticus, gradus, minuo, tellure, natura, primarius, pola, dirimo, terra, partim, lumen, distantia, necessarius, Zodiacus, tunc, uarietas, tropicus, declinatio"
113,158,cap. 8,Gilbert/De magnete/Liber 6/cap. 8,Liber 6,"astronomy/astrology/cosmology, Copernicanism, causal explanation, magnetic force, theoretical",150,"CAP. VIII. De praecessione aequinoctiorum à magnetico motu polorum telluris, in circulo Zodiaci arctico, & antarctico",Prisci mathematici quoniam,"earth, stars, pole, fixed, motion, ecliptick, degrees, time, aequinoxes, circle, rays, distant, order, zodiack, axis, face, new, year, arctick, universe",1.275,1,7,,,"stella, telluris, polus, gradus, Zodiacus, motus, arcticus, annus, disto, tempus, praecessio, circulus, aequinoctium, fixa, magnus, aequinoctia, mundus, immuto, minutus, punctum"
114,159,cap. 9,Gilbert/De magnete/Liber 6/cap. 9,Liber 6,"astronomy/astrology/cosmology, Copernicanism, causal explanation, magnetic force, theoretical",150,"CAP. IX. De praecessionis aequinoctiorum, & obliquitatis Zodiaci anomalia.",AEquinoctiorum immutatio,"motion, obliquity, years, minutes, zodiack, anomaly, period, praecession, eighth, observations, pole, degrees, earth, circle, arctick, means, copernicus, certain, time",1.279,1,7,,,"motus, obliquitas, praecessio, polus, Zodiacus, anomalis, observatio, magnus, gradus, annus, periodus, aequalis, arcticus, unus, anomalius, circulus, aequinoctium, telluris, octauus, describo"
